phenotype,t_stat,p_value
Phenotype_A,-425.7883443042703,0.0
Phenotype_B,79.59922012042172,0.0
Phenotype_C,196.55902143769822,0.0
Phenotype_D,36.593938503035055,8.792423905231464e-293
Phenotype_E,165.83297696650078,0.0
